Lorinda,Mahood,996837950,2011-08-04
Gerda,Posner,624007162,2016-10-31
Sapphire,Skule,722236894,2001-06-29
Jocelyn,Appleton,708557743,2002-04-21
Lira,Stave,910520550,2008-04-22
Imogene,Ondracek,706221537,2020-10-12
Farr,Hatton,976233649,2020-03-16
Ethan,Arrighetti,964715961,2013-10-01
Maxi,MacAindreis,746546153,2007-02-01
Winni,Routley,769452958,2015-12-08
Aprilette,Partlett,613061019,2010-12-29
Lek,Borgnol,741174191,2018-03-31
Vanny,Linstead,619859887,2008-09-15
Beaufort,Blamphin,781450114,2015-02-02
Henriette,McCalister,952548211,2006-08-14
Glennie,Kilkenny,643022945,2008-04-13
Rodrick,Ezele,672432996,2007-05-13
Franciska,Reagan,900709335,2020-01-23
Scot,Bowdidge,983741355,2011-01-13
Shandee,Chorley,965863474,2019-08-11
Derick,Van den Dael,645390044,2011-12-06
Curtice,Rime,783680321,2020-07-25
Nilson,Danielski,760655186,2014-03-15
Derek,Quincey,621203161,2021-01-16
Devinne,Orteau,795491609,2005-01-31
Franchot,Aspling,716104989,2007-04-01
Hugibert,Borman,722819082,2002-06-20
Toinette,McGillacoell,941306201,2021-09-02
Evyn,Portwain,789824380,2016-11-04
Moe,MacCartan,773329670,2000-07-15
Zonda,Blamires,754483799,2004-08-13
Neddy,Cogin,708292385,2008-09-12
Edie,Isacke,714241982,2011-02-18
Egan,Fulkes,958173674,2004-10-14
Zsazsa,Thatcher,793633495,2019-03-13
Vevay,Croad,797575130,2012-03-14
Kareem,Johnston,705480793,2016-11-04
Denyse,Banghe,994554698,2014-04-16
Edgar,Pauls,718048667,2000-08-14
Rennie,Jenkerson,679778525,2016-04-09
Ariel,Codlin,692264934,2013-03-02
Roselia,Reolfo,749862711,2012-09-25
Adamo,McKelloch,749892737,2000-04-01
Amalee,Kocher,738568716,2003-12-11
Pace,Raywood,770462238,2014-06-17
Ralf,Krammer,787816264,2006-01-18
Jeralee,Middup,620131090,2015-04-28
Sargent,Foulser,731137606,2011-11-15
Alikee,Bignell,974296743,2007-02-13
Krista,Matysiak,706228811,2001-12-13
Dacy,Doohan,670034939,2021-10-13
Berty,Skelbeck,923333662,2010-07-28
Lloyd,Griswood,727563593,2017-10-10
Neysa,Arnecke,707949946,2019-06-13
Dorolice,Barley,665388242,2012-07-16
Miof mela,Lovekin,749365731,2013-10-14
Roderick,Wooster,765025606,2004-07-02
Cherin,Simonutti,611580702,2020-07-09
Hermy,Twells,728102935,2011-06-02
Leodora,Browncey,707183626,2015-12-05
Cherish,Addionisio,965942224,2005-05-17
Melantha,Stoves,757505016,2001-02-23
Ingamar,Snead,960978020,2014-08-28
Lenard,De la Yglesia,937349419,2021-04-05
Omar,Baden,734337772,2018-07-04
Charmaine,Spring,735285960,2002-07-12
Ardys,Essame,777308911,2012-07-24
Lars,Rothert,971374602,2018-02-24
Anna-maria,Gauchier,630108385,2020-05-20
Julissa,Pittson,761133347,2008-12-29
Ram,Schimon,756173501,2001-07-24
Ricky,Simoncello,765439372,2002-05-30
Northrup,Butteris,629710977,2006-04-24
Benedict,Curran,797742733,2001-05-13
Dunn,Waddams,748523094,2022-04-01
Dannel,Dobey,777210392,2001-04-29
Amara,Dietmar,922180362,2015-05-17
Artemus,Oven,710774813,2015-02-04
Janis,Fidgin,756242206,2012-04-20
Vincents,De Witt,734675814,2013-03-06
Tobe,Bowton,650683638,2003-09-10
Templeton,Drinkel,966233367,2016-10-06
Garfield,Featherby,921648075,2017-10-10
Felecia,Toby,777609864,2003-11-06
Joannes,Hannaby,748422653,2022-12-03
Johanna,Courtin,665891082,2009-07-15
Susan,Fanti,709682217,2011-09-21
Reynard,Crowth,701992479,2005-02-28
Simmonds,Pourvoieur,795996635,2011-04-30
Gennifer,Van Hault,713139320,2002-06-16
Correy,Britee,907370584,2018-07-20
Courtney,Yonnie,689420129,2005-01-10
Pierette,Yedy,979446024,2011-09-27
Den,Attenburrow,709286416,2021-07-28
Maribel,Fleckney,786681192,2022-01-05
Abbie,Messier,965358583,2005-02-01
Juditha,Tomaszewicz,601833060,2006-02-17
Sterne,Lemmers,772808416,2013-12-31
Lorene,Cookes,938935304,2005-06-23
Orran,Berkley,740350514,2017-05-01
Archie,Munro,653229263,2018-09-17
Beaufort,Georgot,903582639,2008-12-01
Shelley,Morit,672572255,2003-11-16
Dinnie,Tingcomb,771465782,2021-03-06
Katine,Hynd,638125889,2000-02-15
Kenneth,Sams,642411980,2012-08-12
Ingunna,Raccio,664706697,2023-01-30
Belia,Davidou,905176664,2011-06-05
Sigismondo,Pennington,752879338,2001-12-28
Lawton,Malcolm,712534826,2007-10-20
Thoma,Marshman,679336543,2004-12-16
Corliss,Dewerson,703380227,2004-02-11
Allegra,Mahomet,905834453,2003-04-18
Hakim,Butten,739563055,2022-09-09
Tillie,Powdrill,798751556,2016-06-23
Allissa,Klee,609703951,2015-11-13
Gris,Beining,735191019,2011-04-03
Zorana,Ewens,733518794,2016-06-26
Daria,McGillicuddy,723246952,2006-06-09
Emlynn,Wickey,906834376,2004-08-17
Dionis,Losseljong,645445033,2004-04-01
Alene,Broun,715199426,2007-02-25
Elspeth,Moatt,728083590,2000-04-27
Stefa,Faucett,955473049,2003-07-27
Alanah,Moens,724516588,2002-08-26
Claiborn,Oakden,643436516,2005-04-19
Catherin,Garrould,782910504,2021-02-22
Ravi,Twyning,643011800,2007-11-25
Sergei,Piborn,972135549,2014-04-27
Angel,Castlake,771606270,2010-09-11
Debby,Wyse,964048759,2003-03-20
Rollin,Dracksford,907816521,2004-03-29
Lief,Rose,927381311,2002-07-16
Ginnie,Tooker,964005994,2019-07-08
Bethanne,Carlino,786832758,2016-12-15
Penni,Leary,791419521,2002-01-05
Myrtle,Beauman,998701598,2006-05-05
Von,Johnston,699355097,2015-10-31
Abigail,Drover,919765227,2003-06-06
Gregoor,Stodd,988603873,2008-10-20
Brenn,Shervington,701149230,2017-12-17
Alva,Covotti,923246684,2012-08-24
Storm,Garmston,963586859,2012-11-11
Johnette,Roughan,647849349,2011-07-28
Marilee,Yankishin,769725339,2022-01-07
Laina,McGoldrick,619364113,2002-06-11
Corbie,Tompion,696140880,2010-07-22
Ana,Gulc,968650819,2001-06-04
Allyn,Veasey,674541456,2016-12-01
Denny,Isacoff,923169630,2009-12-11
Dorree,Pratte,790104726,2020-11-03
Sondra,Bothbie,923998435,2006-10-22
Dalia,Coyish,950252876,2016-08-15
Nannette,Lowdiane,720799483,2001-03-05
Marcelle,Mellish,794710620,2019-10-05
Nichols,Olivia,704775623,2001-04-22
Vonnie,Halstead,740309462,2004-05-22
Aurie,Strain,747496669,2020-12-21
Kristin,Haggerston,933367059,2018-05-19
Judith,Neighbour,780947101,2014-10-29
Erma,Rhymes,739192837,2013-12-02
Doti,Brussell,769593259,2017-10-05
Phil,Jurgen,681787490,2001-03-05
Francyne,Lergan,745476993,2018-01-20
Claudio,Beverage,730057031,2012-08-10
Thomasin,Chifney,750365026,2004-10-30
Kellia,Punshon,915016161,2002-11-17
Betty,Yokelman,646183013,2001-10-16
Lynnet,Lanney,754113773,2006-06-27
Anita,Sansom,985952542,2019-05-18
Fulton,Phoenix,964441875,2005-06-30
Kelby,Burgyn,673798375,2020-08-23
Lauri,Derwin,686376246,2020-10-30
Huberto,Frenzel;,776571775,2010-09-18
Florry,Giovannacc@i,987992150,2002-04-30
Bill,Boater,797485719,2010-06-12
Fay,Kitcher,692267194,2018-11-27
Raoul,Pavett,617636543,2019-11-08
Turner,Drohun,774989941,2014-05-14
Ignazio,Simonutti,780023192,2003-03-05
Drucie,Houltham,762325191,2008-10-13
Sisely,Ruffell,782005856,2001-09-28
Jayme,Guthrum,947466966,2002-01-07
Collen,Pauling,941269539,2008-04-07
Arlyn,Paulson,902177226,2014-08-28
Heindrick,Rudwell,709201108,2004-07-01
Dreddy,Smiz,736645790,2001-04-27
Cristiano,Rivelon,993027968,2007-01-08
Frannie,Grene,684785850,2001-05-06
Allsun,Bantham,640150671,2016-04-09
Nils,Conneely,957004618,2014-10-03
Fancy,Trenbay,783498518,2008-08-06
Verne,Elphee,637060419,2002-02-02
Farrel,Parkeson,711914969,2019-02-15
Kris,Colchett,721950632,2019-10-19
Hobart,Juggings,718125802,2008-02-27
Dayle,Coupman,761918876,2006-06-19
Zorana,Barrows,662566395,2020-01-24
Billie,Falco,791078516,2020-01-03
Duky,Ruddell,774713448,2022-01-15
Guillemette,Calverley,714735049,2011-02-10
Franzen,McAuliffe,714818896,2012-07-31
Glynis,Hexam,781330032,2003-09-09
Andras,Bilam,730681256,2016-09-14
Raleigh,Mawford,900653730,2013-11-24
Wilbur,Werndly,784226728,2008-08-16
Sutton,Byrcher,769812507,2005-10-18
Fremont,Shackleton,701263521,2011-11-01
Sella,Ower,758821663,2015-06-14
Freedman,Shottin,745931511,2007-06-12
Bondie,Mulderrig,740951364,2002-12-27
Germayne,Batterton,979604008,2015-05-04
Lee,Ribbon,668023420,2023-01-23
Morlee,Kells,955152337,2013-03-28
Neely,Borrill,976471519,2016-09-29
Ira,McIlhatton,968327176,2001-10-25
Belva,Ashbolt,649160356,2014-08-24
Roxanne,Bridgland,613124113,2018-07-05
Frazer,Sager,722113544,2005-02-12
Odey,Emblen,944198541,2015-02-20
Lisle,Camellini,997850618,2017-10-21
Gaultiero,Gunther,749224879,2007-08-23
Eleanora,Rihosek,637176912,2016-03-13
Codi,Thridgould,733066962,2020-12-19
Siouxie,Wilkowski,687264340,2011-02-07
Desmund,Joan,915125123,2015-09-13
Annamarie,Whisker,668771835,2005-08-08
Yves,Frentz,608588016,2015-12-03
Alon,Rowston,908121435,2018-04-20
Trace,Andre,740671378,2013-12-16
Jerrine,Sturm,796054208,2014-08-08
Juli,Strettell,697927938,2007-11-09
Corbie,Verey,726435000,2008-10-13
Max,Clymo,777446073,2014-04-30
Agosto,Hachette,767453875,2005-04-30
Astrid,Dowsett,740403831,2001-03-25
Kellsie,Inkpen,724614585,2003-06-19
Miller,Beyne,640028445,2005-05-02
Luise,Sussams,930898011,2005-07-16
Brendon,Frohock,724901828,2003-03-03
Jonah,Rosenthaler,669964954,2018-08-08
Leonore,Helks,749694686,2002-03-29
Di,McCauley,717075340,2002-04-18
Darya,Birckmann,733495543,2009-10-16
Harmonia,Heine,916461061,2007-04-08
Gregory,Ornils,613659107,2021-04-19
Lanie,Bernier,763882568,2012-01-22
Erskine,Sultan,769437524,2012-10-12
Stormi,Langmuir,660480664,2006-11-03
Deerdre,Aiskovitch,714702170,2017-04-10
Mildred,Bastistini,784675277,2017-03-21
Ardis,Uzelli,618072609,2010-11-12
Tonia,Corse,765489316,2011-11-03
Ludovico,Hext,704651752,2020-06-03
Arvy,Watkiss,641518518,2010-09-03
Sarina,Barmadier,693544156,2013-01-21
Marcus,Fealey,980364512,2001-11-09
Korie,Jurca,770221136,2020-10-11
Matty,Wornham,782358545,2022-01-01
Annamaria,Hyne,624251400,2011-05-07
Maynord,Spedroni,752207069,2005-01-15
Hyacinthe,Tumayan,697893952,2012-09-18
Erhart,Jarley,992063641,2010-05-23
Fax,Fierman,789873093,2004-07-25
Berne,Cozens,664859789,2003-04-06
Cleo,De Brett,756430466,2020-05-22
Maison,Medlicott,940780433,2000-11-28
Haley,Diess,736260801,2014-02-09
Desiri,Trinder,914651532,2009-12-16
Tim,Evins,910818515,2022-09-13
Benny,Golightly,943939855,2006-03-18
Coleman,Gronno,780240301,2002-09-21
Lorry,Dupoy,774365087,2016-02-08
Farlee,O'Currane,911086613,2009-11-26
James,Androletti,978812454,2008-12-16
Claiborn,Brittle,709882851,2014-01-15
Keary,Challoner,977343206,2019-04-27
Ulrica,Giraudeau,991187754,2002-06-27
Bailie,Markova,794461260,2009-10-08
Pyotr,Brown,763970891,2013-08-29
Bing,Glassborow,782595743,2005-01-01
Gifford,Chavez,763109483,2015-07-30
Elana,Davisson,786677427,2015-03-05
Jemmy,Perel,611106159,2020-03-30
Scarface,Bourgourd,750339627,2009-05-21
Kaye,Prestwich,975107404,2007-12-10
Inge,Barczynski,731655735,2000-04-27
Maggi,Lehrer,982795280,2019-02-14
Doloritas,Elston,936304591,2010-04-28
Carolann,Niesing,799564211,2019-03-06
Eduardo,Burchnall,630401344,2014-12-06
Herc,Allbrook,776979173,2009-01-23
Josie,Bamling,647804591,2022-02-01
Dannel,Pegram,750629029,2016-11-22
Rorie,Shorto,940032925,2010-12-05
Sofie,Spurritt,736619757,2019-06-27
Hanni,Macvain,618664872,2013-09-08
Papagena,Verlinden,675258850,2014-10-09
Nealy,Sustins,607167722,2015-07-19
Patric,Dumbell,783305704,2000-12-28
Christy,Cridlon,792266653,2018-10-31
Danny,Eckh,702248437,2008-09-16
Jayme,Trimmell,766338414,2005-04-28
Aeriel,Aspell,935922963,2005-08-22
Nanni,Lakin,711530598,2005-09-29
Justina,Blesdill,731967253,2011-10-05
Valdemar,Lant,732067952,2016-03-28
Alan,Bonavia,794419034,2005-08-15
Cyrillus,Youtead,676118624,2000-12-07
Skye,Sedgefield,756701074,2009-06-27
Tarah,Piscopo,732165449,2004-12-14
Jude,Chislett,909859471,2020-11-18
Del,Maris,785983937,2018-04-12
Tallie,Brandolini,917960701,2010-05-14
Arluene,Burkitt,743923876,2009-08-13
Rocky,Habin,977321965,2017-08-04
Zarah,Napolione,717486460,2013-10-18
Rubia,Gonnely,755927285,2011-09-27
Eve,Lean,704505536,2004-03-23
Chic,Grassick,972264294,2006-01-07
Randi,Ruddock,764068158,2017-03-03
Fran,Hubble,966886349,2017-10-29
Ardelis,Palethorpe,995701898,2020-11-07
Janine,Melmeth,704275752,2005-02-13
Teodor,Beardsall,963976350,2010-08-20
May,Farreil,944892804,2005-06-07
Quillan,Greatbanks,923556103,2006-09-25
Vivyan,Restieaux,778734834,2001-03-06
Tallie,Sikora,724335574,2006-06-15
Dorie,Comport,677457064,2008-06-30
Shawn,Neno,605258431,2007-02-04
Perceval,Ingrey,780689539,2008-09-01
Washington,Barnewall,782793422,2001-01-25
Celinka,Burgoine,648171774,2019-01-01
Loren,Rispine,978367394,2000-08-21
Farr,Jarmain,635683821,2021-12-16
Wye,Willgoss,976500736,2018-12-02
Leah,Heliar,788715273,2003-03-25
Curt,Grishakin,797859433,2012-09-19
Stefanie,Schuster,708222191,2022-10-04
Gizela,Adshed,624867061,2017-07-23
Eda,Whybray,618037518,2009-07-16
Hurlee,Downing,995507257,2008-12-15
Galina,Cotterell,731048360,2013-05-29
Jeffrey,Kilbey,792009237,2019-04-26
Gawain,Grayston,917183235,2003-04-18
Claudina,Spreag,796787931,2016-05-12
Rae,Jack,785636906,2004-11-22
Aprilette,Westbury,958695303,2004-01-23
Bell,Terrett,799465901,2012-11-20
Gavan,Duffell,715222601,2009-03-08
Jedidiah,Thowless,742146540,2002-01-14
Flemming,Tayloe,736601271,2010-03-25
Jone,Delepine,734119901,2001-09-16
Bertine,Hember,734753848,2002-02-24
Mindy,Kybird,714994826,2009-04-16
Vachel,Lumsdon,914886415,2003-10-10
Didi,Durnall,926258678,2022-02-12
Bronson,Esmonde,765132086,2000-05-09
Amata,Lyver,629598752,2022-08-02
Odetta,Surcomb,707328785,2016-08-08
Brent,Jimenez,986377695,2000-09-10
Tootsie,Hellin,730864492,2007-12-31
Mandel,Grindell,697315915,2020-11-29
Tandie,Nagle,797300135,2015-01-16
Guinna,Klimkiewich,797563676,2019-01-15
Erminia,Valenta,791183695,2020-01-29
Derrek,Chevers,775979567,2017-08-05
Herbert,Pipe,679284361,2000-05-30
Georgie,Hablot,668092786,2019-01-30
Augustin,Benito,995067620,2006-07-09
Brina,Richardt,943171584,2021-11-05
Lyn,Leehane,796486651,2010-10-27
Archaimbaud,Aggott,610049482,2011-09-04
Delcine,Ratnage,688543454,2020-10-21
Catharine,Dargavel,695222443,2002-11-13
Temp,Orleton,993152299,2016-10-30
Inessa,Ginnally,747544717,2018-09-20
Bren,Bound,630759597,2005-02-14
Glen,Statersfield,709827104,2020-04-05
Estel,Umpleby,653599400,2023-02-10
Sven,Ferrari,741533785,2022-02-05
Aidan,Genese,762591796,2002-09-20
Neile,Corfield,650704039,2019-08-06
Kiley,O'Grada,768727700,2017-11-17
Kass,Spacie,643943512,2010-06-06
Adeline,Levay,725686028,2007-08-05
Somerset,Glanister,768721922,2008-06-02
Karlan,Pomroy,918170602,2006-10-01
Dionis,Rikard,753583521,2020-06-24
Shellie,Boyland,710035505,2022-03-29
Morey,O'Fihillie,918188292,2016-08-31
Chelsey,Burkitt,774057319,2016-08-10
Harlan,Sholl,967796702,2001-01-27
Leif,Glencorse,674168242,2010-10-22
Rivy,Coch,988675031,2020-10-05
Falito,Pitts,744958820,2009-11-17
Wes,Calcutt,786556680,2017-10-08
Dukie,Gerrish,611470756,2021-07-24
Abbie,Cavanagh,765927961,2020-05-18
Cassey,Wildash,630611552,2003-12-31
Opaline,Jacklin,748042722,2020-09-15
Keelia,Stickford,934785735,2015-02-18
Thurston,Eustis,929292655,2010-10-26
Mead,Jewar,640910678,2015-12-12
Kettie,Male,995113011,2020-05-01
Colline,Wardle,775366373,2022-11-19
Darb,Boost,788525369,2000-05-02
Carrissa,Goodacre,724870189,2016-10-27
Barri,Ruperto,627980732,2017-11-29
Arch,Azemar,620441396,2007-02-02
Amandi,Goatcher,995871342,2018-04-25
Velvet,Emor,900362161,2011-03-03
Langston,Matfin,607314059,2003-10-05
Wynnie,Mitham,760648517,2019-05-14
Bernie,Bouskill,918048190,2016-02-05
Erhard,Soppit,701917972,2006-01-10
Fair,McCreery,709724645,2005-11-16
Marianne,Chaudret,701414621,2021-12-05
Adriane,Derle,672361295,2000-03-14
Trix,Wickes,629520931,2010-08-14
Malachi,Canby,611217905,2013-03-20
Morgana,McCallum,780784535,2010-08-12
Marris,Waber,963731504,2019-06-07
Kristine,Measham,723904812,2018-08-30
Gregg,Kornyshev,763654818,2013-06-06
Britteny,McHugh,707607626,2006-08-24
Elwira,Coventon,623698830,2020-02-19
Tandy,Fareweather,691019971,2019-12-21
Amitie,Bowler,747312704,2014-07-11
Olympia,Andrew,978962717,2007-03-02
Salem,Dodd,927515810,2008-04-14
Jobi,Houlson,643029812,2016-02-25
Celie,Bellson,995646536,2012-07-26
Kailey,Debnam,761159582,2017-10-09
Becky,Dobbs,627011915,2002-12-16
Charmane,Veschi,602623379,2010-02-28
Mark,Siddens,600579572,2011-09-06
Eran,Titmus,788739504,2004-06-17
Lorain,Stayte,621104139,2009-12-18
Jeanie,Le Clercq,601903357,2008-08-31
Eddi,Cran,772856038,2010-11-08
Afton,Luty,729001739,2011-03-13
Zacharie,Blaszczyk,789460131,2022-05-12
Gisela,Dinsell,719899937,2012-07-10
Sheila,Andreassen,745798418,2010-07-12
Marcie,Thwaite,951179171,2010-10-02
Cthrine,de Merida,931304369,2022-11-18
Riobard,Sherred,672711446,2007-01-23
Louisette,Heintsch,785425779,2021-12-24
Jessie,Marshfield,950299750,2022-11-05
Tilly,Liebermann,745317595,2004-02-19
Pancho,Logan,787964842,2007-04-12
Kermie,Swanne,919345961,2005-10-05
Salaidh,Malyan,676785131,2012-05-30
Dorisa,McGaugey,778546672,2014-04-17
Noam,Sedgebeer,698485611,2002-06-18
Jamal,Wallace,626618481,2011-07-14
Paige,Gronou,737901735,2006-03-09
Charil,Meininking,720452480,2019-07-21
Kaleena,Puttnam,957131389,2005-03-09
Lucine,Quantrell,700932713,2006-07-24
Jaimie,Pic,733724417,2013-06-24
Silvanus,Gowman,757893753,2000-07-27
Paloma,Drakard,709999388,2015-03-07
Esme,Kitter,767030220,2006-01-14
Ingeberg,Giacubo,752329339,2022-03-13
Brietta,Huggon,759360401,2004-10-22
Karola,Scartifield,712059614,2021-09-13
Lianna,Foster-Smith,600586405,2012-07-12
Frederic,Minifie,632167570,2002-11-10
Lamond,Taylor,702821950,2007-02-07
Toby,Garden,901853585,2012-07-13
Tracy,Poles,952324601,2018-10-28
Alta,Perrin,738897035,2000-02-07
Philippa,Janjusevic,721225251,2018-08-24
Gypsy,Feuell,600116216,2021-08-19
Tamas,Fink,918710727,2002-06-15
Hyacinth,Mathon,727540717,2013-01-29
Berk,Loblie,779617706,2015-07-02
Nil,Chesley,749632197,2004-06-24
Sarine,Wenden,668672030,2021-04-25
Shermie,Morad,749249844,2010-05-02
Fay,Merck,789247811,2019-06-01
Ford,Leivers,786138265,2003-09-05
Benedetta,Aizik,662552548,2006-05-19
Oliver,Napper,955666270,2003-05-10
Hillier,Landre,969194643,2001-09-06
Staford,Yurkov,931205038,2002-12-13
Garrik,Rawlence,925961859,2017-04-17
Buiron,Alfonsini,980549643,2017-04-03
Blaine,Ciabatteri,646653714,2013-03-05
Loy,MacGillespie,782107800,2015-04-27
Christy,Trewhela,753354998,2012-03-23
Shea,Prevett,665468855,2000-12-25
Luigi,Rhymer,612579492,2007-08-15
Rafi,Dubbin,729131607,2016-08-24
Cyrille,Broe,752022468,2022-01-08
Patty,Bricklebank,939802528,2009-12-26
Micaela,Doiley,754355360,2002-11-01
Delcina,Chicco,669276971,2021-04-29
Leonerd,Longmate,950311062,2007-07-25
Damita,Duker,721971200,2003-05-18
Koralle,Bolger,970363421,2012-07-10
Jaquenette,Rutherforth,908922889,2013-10-29
Ronalda,Biggerdike,675616649,2018-11-06
Frankie,Levene,705558735,2006-02-03
Irving,Kalinsky,679720320,2004-08-15
Quinlan,Quantrill,727431397,2005-12-29
Trumann,Cratere,738607155,2012-09-14
Zacharie,Careless,970604374,2000-09-07
Hetty,Elfe,964229268,2004-10-06
Marylinda,Cleminshaw,618012044,2006-01-19
Brennan,Tremaine,931528312,2007-02-28
Casie,Welbourn,969376653,2011-07-07
Marena,Oen,757319942,2003-01-25
Carver,Cranson,995395517,2003-12-04
Lonnie,Harler,900408736,2015-02-02
Adda,Barten,794892774,2007-09-13
Rebeca,Rabbage,698846495,2001-10-02
Oliver,Airdrie,984556542,2001-11-19
Nathaniel,Storie,784513787,2011-11-15
Philippe,Dorant,726929669,2014-03-31
Therine,Demoge,909653929,2010-02-11
Hannah,Neal,795380145,2015-02-17
Alasdair,Behne,713552055,2003-07-22
Susie,Ferrar,683424387,2012-09-26
Ariadne,Egle of Germany,775405215,2016-01-17
Damara,Nathan,930412975,2017-08-28
Ariadne,Dutnell,769398308,2000-01-25
Lennie,Asker,696934140,2016-05-21
Amery,Bownass,976978783,2013-04-25
Tamarra,Awcock,625289472,2013-12-16
Lory,Whittlesea,986206581,2007-06-12
Haily,Brideaux,711448283,2013-01-04
Carlene,Liven,623803598,2007-10-17
Brantley,Gomme,723564217,2008-09-20
Carrissa,Brugh,601692036,2010-06-21
Kirby,Kleinhaus,900279118,2017-10-04
Tracee,Lapping,720585223,2000-08-11
Ferd,Catcheside,771426004,2022-02-02
Emily,Roomes,766179424,2014-01-23
Sterne,Curston,741481055,2021-04-28
Sven,Sheepy,797049891,2012-06-20
Sherry,Dudman,787251304,2006-08-31
Josephina,Sammonds,740757586,2001-08-18
Mikaela,Peckett,711857499,2000-09-17
Lynnett,Grumbridge,645656056,2011-02-06
Brig,Ranald,707325584,2009-10-12
Judas,Philippet,944173895,2020-09-15
Jdavie,McBrearty,634334966,2004-02-06
Marti,Marian,742353822,2010-01-24
Ninnette,O' Markey,606470478,2001-03-17
Antonin,Lahive,769180804,2022-09-03
Noelani,Hawtin,725466949,2020-08-23
Denney,Restorick,627351030,2014-08-27
Annelise,Boldry,716443137,2007-07-02
Sawyer,Upshall,714380980,2022-05-03
Kara-lynn,Charter,995824298,2013-09-05
Gerek,McGinly,791329665,2004-03-16
Lou,Guess,775427355,2018-08-27
Lavina,Desantis,906909205,2011-11-19
Jelene,Riba,693119617,2009-03-02
Willi,Kirman,796088658,2006-11-18
Reuven,Dugood,699256815,2005-08-19
Burton,Abrahmer,601278171,2019-04-17
Erica,Langdale,913453310,2006-11-13
Meggy,Condell,712894055,2009-08-15
Cedric,Stowte,774843463,2011-05-13
Ailyn,Warde,659888190,2019-07-20
Jillian,Crossthwaite,912077793,2019-08-05
Jonathon,Domesday,664823104,2009-02-04
Enid,Strelitzer,947577266,2003-12-24
Caryl,Ambrosoli,685344085,2006-08-30
Normie,McAllester,716230852,2006-08-28
Gareth,Chinnery,971214576,2009-07-25
Erminia,Sotheron,958565886,2007-12-18
Adan,Corthes,769841363,2022-08-10
Georges,Rook,791609387,2018-11-30
Douglass,Ber,941041407,2017-11-30
Bren,Neilus,775634990,2014-12-09
Evin,Geeritz,928320698,2004-12-25
Esther,Copozio,917684190,2020-06-05
Mariann,Twigg,799118958,2021-06-18
Gunter,Bousler,967459050,2021-01-22
Elisabet,Aleshkov,931155124,2018-09-10
Brooks,Hathwood,963806862,2020-05-22
Anya,Haythorn,716211340,2005-07-30
Fabe,Yersin,729291230,2010-04-20
Else,Sellstrom,781953058,2007-07-13
Jordain,Nudde,773404418,2017-07-24
Griselda,Blizard,762063755,2011-11-29
Antonio,Brack,627351900,2000-07-03
Adara,Ornelas,715644227,2013-09-13
Gunther,Sinnock,700656465,2008-09-15
Mayor,Boulter,644653643,2012-01-16
Horatius,Stetson,753598690,2017-06-05
Linoel,Bentinck,737969759,2002-09-06
Gracia,Kalker,767237079,2005-08-31
Lonee,Pescud,948943362,2005-07-25
Jude,Kinleyside,789039180,2008-08-01
Chloe,Stocks,763514917,2005-05-27
Erhard,Campion,627320539,2020-12-10
Erminie,Lavrick,705550190,2004-09-14
Bernete,Cosbey,935205253,2017-11-20
Karla,Lergan,689695283,2019-12-11
Stacee,Greenan,942125459,2003-05-14
Brigida,Erskine,715164510,2019-09-02
Kory,Bottell,795830266,2001-08-13
Ginger,Garrad,903701004,2002-10-10
Benny,Megroff,989654757,2011-07-16
Elicia,Lytton,794515877,2011-02-22
Oona,Basilio,754741885,2008-11-03
Gennie,Kelcey,667715870,2016-12-28
Ynes,Scargill,740782019,2002-09-16
Therine,Goudman,968745201,2006-02-16
Mano,St. Leger,737491453,2011-01-25
Ashia,Dyster,792348574,2006-05-26
Ibbie,Hobbert,619044211,2012-11-04
Valerie,Tschersich,790064249,2014-04-09
Olympie,Roxburgh,749450957,2013-10-03
Rosalynd,Sifleet,712397780,2017-06-19
Vonnie,Cornilleau,721703845,2017-07-16
Falkner,Seavers,784389888,2011-05-31
Peterus,Dearn,615103797,2010-11-30
Darbie,Jacobowitz,706327764,2021-08-09
Shermy,Willmott,761746466,2009-01-27
Julius,Sappy,704861331,2000-11-07
Alick,Moresby,696121919,2010-03-10
Vita,Eusden,967391225,2009-11-26
Glyn,Borris,700521195,2001-02-18
Boothe,Bhatia,625086756,2016-06-17
Tildy,Flounders,755712443,2021-05-05
Eugine,Ferrarone,719233365,2000-09-13
Gabey,Jurek,907962977,2022-10-05
Hilly,Swynfen,937912299,2004-08-16
Buddy,Domniney,786716526,2012-02-07
Enriqueta,Dauby,749623634,2002-09-20
Glynda,Oakland,782045906,2001-08-21
Jacintha,Braysher,953956254,2000-05-09
Cass,Kollach,911337130,2009-07-08
Jemima,Malbon,765812267,2023-01-21
Erhart,Lynnett,770397538,2004-12-21
Corliss,Merman,711837156,2000-05-22
Dall,Ridolfo,724422753,2006-04-23
Julieta,Simioli,793255574,2010-01-30
Gayleen,Cave,782150030,2018-07-11
Rhiamon,Beadnall,936160113,2004-11-14
Caryl,Landsbury,710084608,2005-07-17
Tommie,Missenden,699072958,2017-08-02
Vance,Searle,739438651,2008-09-25
Evangelia,McTurlough,900228477,2008-10-18
Arleyne,McGrath,732785519,2007-09-05
Maje,Preist,676031397,2009-03-01
Sophia,Mc Kellen,686752596,2017-11-23
Carol,Willisch,968574802,2022-12-17
Zeke,Witten,674165331,2001-04-13
Lucille,Raulston,968839908,2004-11-20
Leisha,Giannazzo,628920359,2005-03-14
Leese,Bolzen,951327656,2000-06-20
Eliza,Piddle,706985662,2006-04-13
Phil,Nurden,744938945,2016-09-15
Paloma,Curwood,650243245,2011-01-21
Lindie,Yearron,731691363,2010-03-06
Scarlett,Featenby,991002108,2005-01-24
Cordelie,Tolotti,641780115,2004-08-08
Annemarie,Asplin,655827102,2011-08-18
Donnell,Tolmie,923977152,2006-10-18
Renato,Rubury,915161173,2020-05-12
Rickey,Gwinnell,780272992,2002-08-24
Lock,Tomaino,702913688,2005-05-25
Marvin,Cloy,900792814,2018-03-17
Janetta,Moston,647205311,2013-11-24
Tamera,Goudy,951275161,2022-10-21
Kaleb,Glennon,786070002,2004-02-13
Jerrold,Stickles,718222301,2020-04-04
Marylinda,Poure,724712175,2015-05-24
Jeramey,Richardsson,745607193,2002-09-12
Ernie,Abrahart,795223269,2022-08-30
Kirbie,Perfili,785107343,2001-09-22
Dedra,Winfred,769094630,2002-12-19
Markos,Gunthorpe,747010580,2012-01-10
Baron,Pickett,934589356,2011-12-22
Geoff,Kettow,922691868,2022-11-07
Lorine,Boshell,978669378,2001-01-06
Sheilah,Coviello,641178650,2008-12-08
Jeth,Bardey,716633224,2021-11-06
Luca,Abrahami,756460480,2001-02-12
Sonnnie,Sibbald,704511972,2013-09-26
Forrest,MacFadzean,922620603,2010-11-09
Curran,Domerq,764613222,2008-03-30
Wallis,Stoll,682752873,2022-01-12
Emelita,Serck,736885920,2000-12-06
Editha,Pavlitschek,641617294,2018-07-24
Zackariah,Wilshaw,713016462,2019-11-19
Ewen,O'Heffernan,724914103,2006-02-22
Yetty,Pepye,793886755,2009-11-26
Erma,Greatrakes,654077225,2005-06-03
Grazia,Gamblin,714367154,2013-10-21
Rhea,Ford,636578142,2008-09-17
Benita,Harler,607932282,2004-05-23
Reena,Kamena,913247669,2001-06-12
Lulu,Merrington,772119007,2011-06-08
Lishe,Glawsop,769299663,2007-05-02
Estelle,Cordner,735379605,2010-05-17
Niki,Grew,996958500,2007-04-23
Emerson,Comport,733454355,2008-09-23
Meier,McCritichie,744224499,2010-05-28
Susy,Orhrt,926549280,2017-06-29
Ermanno,Outridge,905423370,2022-03-05
Carmon,Tacker,672433389,2013-05-08
Heinrik,Wharby,734323287,2019-01-22
Clemente,Mushawe,708148186,2004-09-03
Mela,Cook,724771016,2009-09-27
Meriel,Pratt,724827590,2018-07-16
Eilis,Huckel,603555289,2002-12-09
Kelci,Menghi,720359840,2004-10-14
Dorey,Binham,679632409,2022-03-29
Archibald,Asker,769701781,2004-07-23
Quill,Madgewick,780499876,2008-07-20
Den,Mancktelow,949795460,2012-08-22
Agathe,Duny,780164851,2018-09-15
Marlyn,Omond,773637300,2009-09-03
Missie,Hankins,702771174,2019-11-29
Darci,Leupold,611852809,2021-02-20
Valera,Millery,628634839,2021-07-20
Boote,Nattrass,729774522,2010-07-08
Reese,Mahaddie,982750109,2006-11-15
Berkie,Aubert,740012284,2015-07-08
Ricard,Patel,960195488,2012-05-08
Fin,Carlisi,924580785,2014-09-18
Eddie,Mitchelhill,765868249,2004-12-16
Ashlee,Enderwick,950766389,2007-12-11
Verene,Criag,600069905,2019-06-20
Quincy,Moggan,722566016,2021-12-15
Mariette,Dewitt,790729835,2015-07-05
Elysee,Leyland,770206293,2000-02-14
Jordain,Peachment,659977213,2019-01-23
Evangelina,Northwood,762220251,2009-10-27
Kirby,Bartak,959024710,2002-12-15
Leif,Clayill,982598028,2001-07-01
Tallie,Vasyukhnov,782070307,2005-08-25
Odelinda,Sweeny,612895391,2004-11-12
Worthington,Cowtherd,604265087,2005-08-11
Hamnet,Hoggin,932228681,2013-11-07
Timmi,Uc,716286381,2015-01-30
Joe,Christopherson,927895853,2012-12-25
Maritsa,Hinstridge,723547361,2009-03-19
Byran,Pauncefoot,701938036,2005-03-16
Kim,Yeoman,784093095,2009-01-14
Aluin,Gingold,638071704,2018-11-10
Consalve,Lyburn,983227828,2004-04-03
Marilee,Karpmann,677505847,2006-06-25
Austina,Spragg,925562941,2006-11-08
Selena,Benoix,707890429,2000-04-26
Adrian,Cunah,648366605,2005-05-17
Claudie,Adamovitz,669495437,2003-05-23
Jaymee,Emmanueli,921584295,2012-06-06
Ermin,Bembrick,625064141,2015-06-05
Ebenezer,Scartifield,696537739,2002-03-08
Darcy,O' Donohue,786224055,2015-08-01
Beltran,Kelemen,931030681,2017-04-19
Jenelle,Wickey,991451380,2001-06-19
Terencio,Haensel,770962549,2007-05-26
Sabina,Temperley,969496919,2009-12-13
Monika,Celiz,749670665,2011-02-27
Lelah,Labbati,602450025,2009-06-24
Beau,Thome,701161202,2009-05-03
Sherm,Schiefersten,750229775,2004-10-07
Stacie,Mewes,779374040,2004-07-07
Anna,Brigstock,953739154,2008-08-28
Niccolo,Grishukov,694594634,2009-04-25
Bevon,Huntress,633677023,2006-02-10
Norris,Hallbird,722915068,2006-03-04
Gaby,Luc,660205623,2009-04-02
Ingeberg,Witter,691144500,2017-06-14
Ivory,Titterton,759323264,2006-04-01
Kamila,Putland,788771546,2013-02-03
Melva,Bickers,636579706,2011-01-08
Shelley,Trewett,622051120,2015-05-20
Scottie,Kettlesting,941234186,2003-12-27
Sheelah,Dubois,999065062,2004-04-12
Helga,Tamlett,742809427,2019-03-06
Lon,Godfray,614202366,2012-08-29
Merrilee,Prosh,919838693,2000-03-23
Melloney,Hocking,612494546,2000-03-26
Mildrid,Giannassi,794784144,2008-05-17
Rollie,Batcheldor,727608945,2022-07-15
Nicky,McBrearty,762346714,2005-08-26
Vin,Vynall,794400840,2018-12-02
Lucinda,Wetheril,653769128,2019-12-01
Susannah,Pollack,705301375,2004-03-26
Conroy,Blacket,687232854,2014-04-21
Silvie,Vreiberg,987955683,2012-07-01
Candie,Episcopio,625422466,2005-12-04
Essie,Robecon,728508094,2003-12-08
Mikael,Cothey,721385812,2017-11-06
Morna,Winslow,768756975,2016-02-15
Eben,Ferrand,724782241,2006-11-17
Nate,Danelet,601318862,2003-02-05
Karalynn,Ghidelli,961370756,2002-10-29
Lucienne,Klammt,942617679,2013-12-02
Tracy,MacTrustram,754107990,2012-03-17
Graeme,Crucitti,739701214,2002-10-01
Johny,Skayman,983634090,2003-02-14
Pincus,Sybbe,765895240,2013-03-24
Karina,Pittem,989617465,2008-12-31
Laurella,Baglan,687235282,2009-04-11
Enrica,Spellesy,749199880,2004-07-02
Abby,Steiner,768722449,2005-09-03
Kimberly,Stubbe,758553924,2001-09-18
Lurlene,Maun,937423261,2021-11-02
Cindi,Wayland,778133419,2017-01-19
Brucie,Ballach,780337474,2003-07-05
Shelagh,McMorland,768605680,2014-01-12
Eimile,Marrow,771250305,2011-11-30
Kendell,Earey,772830207,2012-09-13
Lucita,Wilmore,724315779,2004-04-05
Cathy,Meineken,710047516,2010-08-03
Isaiah,Eisikovitsh,731349147,2017-01-27
Idette,Scarlet,608280179,2017-06-13
Rosette,Repper,608271782,2020-05-30
Misti,Plumbley,781665351,2010-11-07
Devinne,Ibbs,628273183,2010-04-17
Candra,Bridgewood,705252050,2009-03-30
Lurleen,McCadden,690703887,2021-11-12
Arline,Dibsdale,634595947,2018-09-28
Hewe,Apdell,727848560,2019-05-11
Gretna,O'Fihily,799970640,2007-05-10
Lisha,Winnard,654773886,2010-01-01
Gert,Pettitt,996853581,2016-10-21
Lemuel,Goldspink,665855633,2019-11-27
Milton,Coggin,649132562,2019-10-21
Marcy,Grzegorzewski,713410051,2016-05-08
Rube,Adlem,687791274,2017-12-09
Blondell,Draysey,922965947,2002-01-10
Ralina,Vause,903509412,2018-09-30
Melina,Haglinton,704809015,2012-10-17
Tate,Simao,928950391,2006-04-25
Reggie,Hadkins,966313325,2012-11-16
Land,Laflin,906806545,2022-08-22
Damien,Bonicelli,797091192,2012-01-31
Maryjo,Jaskowicz,798127464,2006-01-21
Beryl,Keller,702977857,2007-03-27
Erin,Verryan,733326507,2023-01-31
Dalston,Vlies,794554598,2007-02-07
Rollins,St. Leger,928672228,2013-12-31
Elvyn,Oxtaby,986038125,2017-07-13
Willa,Rickardsson,684060465,2023-01-28
Lynde,Dolan,688569978,2009-02-11
Saudra,Brittle,967797876,2012-03-27
Davida,Snawdon,637599707,2018-12-02
Andriana,Rayhill,620153221,2013-04-02
Thornie,MacCoveney,778912610,2021-10-06
Ali,Ellery,784562572,2000-05-08
Truda,Vasyaev,738502991,2011-12-06
Jackquelin,Maffioni,974777876,2007-09-16
Xaviera,Bonifas,781124694,2012-05-19
Nata,Bram,601198877,2003-07-02
Farlay,Nutbeem,634695291,2013-07-29
Arlina,Ginnane,613513679,2017-10-14
Taddeusz,Kilmaster,640532355,2016-04-14
Mycah,Kinzett,675269595,2023-02-01
Milly,Caesman,688157769,2008-12-15
Abagail,Warin,786724473,2011-07-17
Prent,Fraczek,710347202,2021-11-22
Mellisa,Geikie,754055274,2018-07-17
Demetria,Milthorpe,974545465,2021-06-27
Marti,Davidsohn,741780342,2008-06-10
Nowell,Lampkin,765290099,2012-12-28
Jany,Frankcomb,767824214,2011-06-26
Lesli,Dionisio,795674686,2011-10-31
Horatio,Rogans,644872336,2020-08-22
Dorette,O'Dooghaine,740292741,2007-06-29
Sophey,McMoyer,937491901,2013-07-08
Horton,Dillaway,747368753,2009-11-12
Suzie,Thaim,956705614,2013-11-16
Teirtza,Wind,727637495,2011-10-07
Cello,Sowersby,648071055,2000-08-01
Vitia,Eddoes,764153782,2002-07-27
Gwenni,Guidetti,643737379,2007-01-21
Nelia,Deelay,731292025,2019-07-20
Madlen,Oman,754572991,2008-06-01
Jacky,Ahlin,751153140,2000-07-02
Nelli,Dello,917538464,2018-07-21
Minta,Baylay,662876233,2008-11-11
Rikki,Ratledge,781916183,2011-07-22
Gerladina,Fillery,747947169,2001-08-13
Angie,Twist,742480186,2022-08-05
Phebe,Schnitter,659695811,2016-10-15
Terza,Garroch,748868667,2016-02-15
Lynnell,Winsiowiecki,761549595,2004-05-26
Meredith,Cunnow,632753138,2015-12-14
Lorie,Landeaux,978875871,2016-04-17
Vivien,Bembrick,729039572,2017-06-10
Gayleen,Symson,947112144,2016-10-30
Gothart,Lattie,711376494,2008-10-02
Josh,Baynam,674678343,2011-08-16
Cherlyn,Carde,901517846,2001-09-27
Willyt,Callow,791036289,2006-05-12
Batsheva,Konertz,932353739,2021-08-28
Liliane,Foulcher,747277146,2021-05-27
Sigismondo,Prandin,711584462,2013-05-16
Cathleen,Allott,675270839,2011-08-27
Ewart,Paslow,619189657,2016-02-23
Onida,Pock,767426422,2018-11-21
Polly,Gilluley,692413332,2002-07-23
Rodolph,Earthfield,762025780,2007-09-09
Nixie,Yushankin,759415901,2005-07-31
Ariana,Oglevie,740734411,2020-09-01
Giulio,Glasscoe,703776564,2010-10-06
Saudra,Corzon,749068188,2013-11-22
Dewey,Sparhawk,764935976,2005-06-06
Agace,Wince,641141213,2003-02-01
Granville,Scaife,719815405,2016-07-10
Rachele,Brameld,732988111,2011-10-25
Serena,Debold,683854057,2017-05-31
Dillon,Bertelmot,989862518,2001-07-19
Cari,Willoughby,966087775,2015-10-15
Pedro,Delacour,990904174,2010-05-04
Nomi,Easdon,750961324,2003-03-07
Humfrid,Stebbings,692579440,2004-11-05
Dolley,Peniman,703018781,2011-05-09
Bryce,Fuller,926958051,2002-09-14
Jobyna,Gillanders,712096510,2000-05-22
Blinni,Beynke,607284334,2001-06-23
Web,Newman,656274880,2004-12-24
Delia,Crohan,631248133,2007-10-04
Cristabel,Riseley,744992669,2011-03-14
Alan,Brunt,970343518,2006-11-19
Carline,Drinkhill,796436195,2009-04-09
Anny,Brodeau,633188527,2007-10-17
Eba,Millichip,664650437,2021-11-06
Loria,Alcott,917686370,2004-04-02
Emlyn,Klambt,793784679,2012-04-12
Lyndell,Agney,940418231,2011-02-24
Hube,Ivimy,600565549,2002-12-27
Malva,Seak,744609878,2016-02-16
Minni,Callery,652905930,2007-09-03
Rafaello,Cordeau,710270420,2017-01-30
Mohandis,Rebert,930322263,2002-10-01
Leeann,Ryan,948251078,2012-08-02
Gearalt,Booth-Jarvis,640452667,2011-01-16
Clair,Bampfield,717350825,2020-03-04
Sybyl,Shallcross,944133406,2016-09-28
Seward,Duthie,691201354,2001-08-19
Erina,Verner,695085550,2006-03-02
Randie,Dobbings,699571575,2005-04-19
Karrah,Hierro,732328817,2005-09-25
Wallas,Allman,753099958,2010-12-16
Vicky,Prescot,948105441,2017-05-15
Francesco,Kneeshaw,643591902,2003-11-30
Cherrita,Kuzemka,628839574,2004-06-22
Abbot,Valencia,760851017,2000-07-26
Bale,Houldcroft,736477573,2004-09-23
Weidar,Emanuelli,661043827,2021-08-29
Violetta,Gabbotts,980176092,2021-03-06
Lisette,Flaunier,763087188,2010-10-17
Nanete,Steggles,771247139,2003-06-12
Rudie,Queenborough,719920794,2010-01-22
Sarine,Nurdin,625740770,2016-06-01
Kattie,Dell,758216009,2004-06-11
Shaun,Crut,609462337,2019-08-22
Kirby,McKiernan,644460230,2015-08-22
Ronalda,Normanton,799689937,2011-08-03
Park,Spilling,773952118,2007-10-26
Nancee,Rought,906499516,2018-10-29
Sean,Seller,673446393,2003-09-24
Towny,Delgadillo,951879672,2013-03-12
Udell,Durrad,778065997,2017-03-17
Wendy,Rotham,641980931,2008-10-07
Quillan,Methingam,604399411,2000-08-18
Orren,Theseira,798180152,2011-06-24
Richmound,Duncklee,694719620,2012-08-20
Alexander,Sawdy,647839065,2017-12-25
Davina,Strowthers,715940005,2015-07-22
Dynah,Baggiani,774928316,2012-03-02
Heida,Kyffin,905170340,2010-11-07
Joyann,Jeff,603418120,2005-05-30
Page,Nattrass,995261582,2020-10-19
Ardelia,Beaford,702825219,2008-08-18
Aubry,Halliday,972686057,2008-12-15
Roxy,Delph,608512877,2002-05-13
Joane,Thirlwall,610981050,2018-09-10
Dolf,Shank,740734049,2005-01-11
Arda,Klug,753883798,2002-09-23
Honey,Mayoral,788188389,2008-03-18
Sebastian,Ornells,658348634,2018-11-05
Frederick,Olyfant,752577503,2022-08-01
Toma,Dockreay,794303459,2008-10-25
Fanchon,Dorracott,770043668,2017-01-27
Liam,Rosenthaler,746889398,2015-10-19
Monika,Parkins,766920146,2021-09-27
Ibbie,Caro,725899487,2001-03-12
Kennett,holmes,741027855,2002-05-10
Marin,Drewet,711394319,2002-08-09
Alyosha,De Roos,617635070,2005-02-22
Arlene,McElhinney,954910923,2009-01-05
Noah,Shoppee,657334198,2005-01-19
Allie,Bowkett,671278725,2017-06-23